Title,Description,URL,PublishedAt,Source
Google is getting into the film-making business to promote a more positive view of tech,"Google LLC is teaming up with a talent management company called Range Media Partners on a new film and TV project that aims to improve the public perception of its technology. According to a report in Business Insider, the two partners are working on an init…",https://siliconangle.com/2025/05/05/google-getting-film-making-business-promote-positive-view-tech/,2025-05-05T23:58:25Z,SiliconANGLE News
India worried about Chinese 'dumping' as trade tensions with Trump escalate,Experts warn that a flood of cheap Chinese goods could hurt the competitiveness of Indian exports.,https://www.bbc.com/news/articles/ckg5d505v8xo,2025-05-05T23:58:02Z,BBC News
"Mineros S.A. Hires New Vice President, Technical Services, Business Development and Strategy","MEDELLIN, Colombia — Mineros S.A. (TSX:MSA, MINEROS:CB) (“Mineros” or the “Company”) is pleased to announce that Inivaldo Diaz joins Mineros as Vice President, Technical Services, Business Development and Strategy, as part of the Company’s Strategic Committee…",https://financialpost.com/pmn/business-wire-news-releases-pmn/mineros-s-a-hires-new-vice-president-technical-services-business-development-and-strategy,2025-05-05T23:54:41Z,Financial Post
Slate Grocery REIT Reports First Quarter 2025 Results,"TORONTO — Slate Grocery REIT (TSX: SGR.U) (TSX: SGR.UN) (the “REIT”), an owner and operator of U.S. grocery-anchored real estate, today announced its financial results and highlights for the three months ended March 31, 2025. “Grocery anchored real estate has…",https://financialpost.com/pmn/business-wire-news-releases-pmn/slate-grocery-reit-reports-first-quarter-2025-results,2025-05-05T23:54:35Z,Financial Post
Companies Like Compugates Holdings Berhad (KLSE:COMPUGT) Are In A Position To Invest In Growth,"Even when a business is losing money, it's possible for shareholders to make money if they buy a good business at the...",https://finance.yahoo.com/news/companies-compugates-holdings-berhad-klse-235329036.html,2025-05-05T23:53:29Z,Yahoo Entertainment
Opfer von Trumps Zollpolitik – Ford rechnet mit milliardenschweren Einbußen,"Kosten von 2,5 Milliarden Dollar erwartet der US-Autobauer alleine in diesem Jahr durch die neuen Zölle – obwohl Donald Trump kürzlich diverse Ausnahmen für die Branche verkündet hatte. Und Ford sieht sich selbst sogar weniger stark betroffen als die anderen …",https://www.welt.de/wirtschaft/article256071100/Handelskonflikt-Opfer-von-Trumps-Zollpolitik-Ford-rechnet-mit-milliardenschweren-Einbussen.html,2025-05-05T23:51:35Z,DIE WELT
RBI boosts its gold reserves over 6 months,"India Business News: MUMBAI: In the second half of FY25, even as the country's foreign exchange reserves decreased from $705.8 billion to $668.3 billion, RBI increased its.",https://timesofindia.indiatimes.com/business/india-business/rbi-boosts-its-gold-reserves-over-6-months/articleshow/120913847.cms,2025-05-05T23:51:03Z,The Times of India
'Won't make it': Trump-voter begs him not to 'devastate' his business on CNN,"The founder and CEO of a clothing company made a direct appeal to Donald Trump during a CNN interview Monday, where the MAGA supporter urged the president to reconsider his sweeping tariff policy that he said is threatening small businesses like his own.Steve…",https://www.rawstory.com/trump-tariffs-2671895066/,2025-05-05T23:49:48Z,Raw Story
M1 scrap metal spill damage bill rises as drivers claim tyre repairs,"The transport company at the centre of a scrap metal spill on the M1 motorway is counting the cost with more than 1,000 claims so far for tyre damage.",https://www.abc.net.au/news/2025-05-06/m1-scrap-metal-spill-bill-rises-drivers-claim-tyres-repairs/105254330,2025-05-05T23:49:42Z,ABC News (AU)
The best outfits celebrity couples wore to the 2025 Met Gala,"Some of the most stylish Met Gala couples were Dua Lipa and Callum Turner, Simone Biles and Jonathan Owens, and Gabrielle Union and Dwyane Wade.",https://www.businessinsider.com/best-dressed-met-gala-couples-2025-4,2025-05-05T23:48:24Z,Business Insider
Can CE Technology Berhad's (KLSE:CETECH) Decent Financials Help Push Its Stock Prices Higher?,It is easy to overlook CE Technology Berhad's (KLSE:CETECH) given its unimpressive and roughly flat price performance...,https://finance.yahoo.com/news/ce-technology-berhads-klse-cetech-234539292.html,2025-05-05T23:45:39Z,Yahoo Entertainment
Adani stocks jump on reports of plea to drop US charges,"India Business News: NEW DELHI: All listed Adani group stocks ended sharply higher on Monday, amid reports that Gautam Adani's representatives met with US administration o.",https://timesofindia.indiatimes.com/business/india-business/adani-stocks-jump-on-reports-of-plea-to-drop-us-charges/articleshow/120913748.cms,2025-05-05T23:45:33Z,The Times of India
"Sensex climbs to 80,797, highest in 2025, on FPI buying","India Business News: MUMBAI: The sensex climbed 295 points to close at an over four-month high on Monday, following sustained foreign fund inflows and a sharp correction i.",https://timesofindia.indiatimes.com/business/india-business/sensex-climbs-to-80797-highest-in-2025-on-fpi-buying/articleshow/120913702.cms,2025-05-05T23:44:59Z,The Times of India
"Famous name aside, Alcatraz would make a terrible deportation jail","We don’t need a showy new name-brand prison to demonstrate to offenders that we mean business — but we do need more jail space, and lots of it.",https://nypost.com/2025/05/05/opinion/famous-name-aside-alcatraz-would-make-a-bad-deport-jail/,2025-05-05T23:44:39Z,New York Post
Barbie Toymaker Mattel Warns Tariffs May Force It To Raise Some Prices,Mattel says the uncertainty about tariffs and consumer demand makes it difficult to forecast its sales and earnings for the rest of the year.,https://www.forbes.com/sites/joanverdon/2025/05/05/barbie-toymaker-mattel-warns-tariffs-may-force-it-to-raise-some-prices/,2025-05-05T23:44:20Z,Forbes
Brisket burglary yields big blessing for Southwest side small business owner,"A Houston barbecue restaurant owner whose business was nearly derailed by theft has experienced an unexpected surge of community support, resulting in thousands of dollars in donations and free repairs.",https://www.click2houston.com/news/local/2025/05/05/brisket-burglary-yields-big-blessing-for-southwest-side-small-business-owner/,2025-05-05T23:44:04Z,KPRC Click2Houston
Key Crypto Bill Imperiled By Trump Crypto Firm’s Deal With Emirati State-Owned Fund,Two Democrats requested an investigation into the deal on Monday.,https://www.forbes.com/sites/saradorn/2025/05/05/key-crypto-bill-imperiled-by-trump-crypto-firms-deal-with-emirati-state-owned-fund/,2025-05-05T23:42:20Z,Forbes
Willis leverages Moody’s flood data and analytics in its risk modeling suite,Willis leverages Moody's flood data for clients......,https://www.globenewswire.com/news-release/2025/05/05/3074632/0/en/Willis-leverages-Moody-s-flood-data-and-analytics-in-its-risk-modeling-suite.html,2025-05-05T23:42:00Z,GlobeNewswire
"ROSEN, TRUSTED INVESTOR COUNSEL, Encourages Everus Construction Group, Inc. Investors to Secure Counsel Before Important Deadline in Securities Class Action – ECG","NEW YORK, May 05, 2025 (GLOBE NEWSWIRE) -- WHY: Rosen Law Firm, a global investor rights law firm, reminds purchasers of common stock of Everus Construction Group, Inc. (NYSE: ECG) between October 31, 2024 and February 11, 2025, both dates inclusive (the “Cla…",https://www.globenewswire.com/news-release/2025/05/05/3074631/673/en/ROSEN-TRUSTED-INVESTOR-COUNSEL-Encourages-Everus-Construction-Group-Inc-Investors-to-Secure-Counsel-Before-Important-Deadline-in-Securities-Class-Action-ECG.html,2025-05-05T23:41:00Z,GlobeNewswire
招聘啟事｜Now新聞台誠聘以下職位,【Now新聞台】Now新聞台現誠聘以下職位：1. Senior Reporter2. Anchor / Reporter3. Online News Editor4. Finance Reporter/Anchor(now Business News Channel)5. Finance Reporter/Anchor – Features (樓市每日睇) (now Business News Channel)6. Senior Finance Reporter/Anchor (now Business News…,https://consent.yahoo.com/v2/collectConsent?sessionId=1_cc-session_22f80353-d81a-4f82-98eb-381001089f8b,2025-05-05T23:40:00Z,Yahoo Entertainment
Datadog Acquires Eppo To Boost Product Analytics And Simplify AI Workflows,Datadog Inc. acquires Eppo to enhance its Product Analytics suite and simplify development processes. The acquisition strengthens Datadog's position in the software and AI market.,https://www.benzinga.com/25/05/45210096/datadog-acquires-eppo-to-boost-product-analytics-and-simplify-ai-workflows,2025-05-05T23:39:51Z,Benzinga
YUM Q1 Earnings Call: Digital Investments and Global Expansion Drive Mixed Results,"Fast-food company Yum! Brands (NYSE:YUM) fell short of the market’s revenue expectations in Q1 CY2025, but sales rose 11.8% year on year to $1.79 billion...",https://finance.yahoo.com/news/yum-q1-earnings-call-digital-233755587.html,2025-05-05T23:37:55Z,Yahoo Entertainment
Spindex Industries (SGX:564) Has Some Way To Go To Become A Multi-Bagger,"Finding a business that has the potential to grow substantially is not easy, but it is possible if we look at a few key...",https://finance.yahoo.com/news/spindex-industries-sgx-564-way-233745911.html,2025-05-05T23:37:45Z,Yahoo Entertainment
Aura Announces Q1 2025 Financial and Operational Results,"ROAD TOWN, British Virgin Islands, May 05, 2025 (GLOBE NEWSWIRE) — Aura Minerals Inc. (TSX: ORA) (B3: AURA33) (OTCQX: ORAAF) (“Aura” or the “Company”) announces that it has filed its unaudited consolidated financial statements and management discussion and an…",https://financialpost.com/globe-newswire/aura-announces-q1-2025-financial-and-operational-results,2025-05-05T23:36:16Z,Financial Post
"Fairhope small business owners react to China trade war, possible impact","FAIRHOPE, Ala. (WKRG) — Local business owners are waiting to see how the trade war with China might impact them and how much they have to pay for raw...",https://www.wkrg.com/baldwin-county/fairhope-small-business-owners-react-to-china-trade-war-possible-impact/,2025-05-05T23:35:57Z,WKRG News 5
New York’s SummerStage Cancels Kehlani Concert Amid ‘Concerns’ From Mayor Adams’ Office,"New York's SummerStage canceled Kehlani's June 26 performance in Central Park, citing 'safety issues' raised from NYC Mayor Eric Adams’ office.",http://www.rollingstone.com/music/music-news/kehlani-summerstage-cancels-concert-mayor-adams-1235331987/,2025-05-05T23:35:46Z,Rolling Stone
Aura Announces Q1 2025 Financial and Operational Results,Aura Announces Q1 2025 Financial and Operational Results ......,https://www.globenewswire.com/news-release/2025/05/05/3074630/0/en/Aura-Announces-Q1-2025-Financial-and-Operational-Results.html,2025-05-05T23:34:00Z,GlobeNewswire
"FLNC FINAL DEADLINE: ROSEN, NATIONAL TRIAL LAWYERS, Encourages Fluence Energy, Inc. Investors to Secure Counsel Before Important May 12 Deadline in Securities Class Action – FLNC","NEW YORK, May 05, 2025 (GLOBE NEWSWIRE) -- WHY: Rosen Law Firm, a global investor rights law firm, reminds purchasers of common stock of Fluence Energy, Inc. (NASDAQ: FLNC) between November 29, 2023 and February 10, 2025, both dates inclusive (the “Class Peri…",https://www.globenewswire.com/news-release/2025/05/05/3074629/673/en/FLNC-FINAL-DEADLINE-ROSEN-NATIONAL-TRIAL-LAWYERS-Encourages-Fluence-Energy-Inc-Investors-to-Secure-Counsel-Before-Important-May-12-Deadline-in-Securities-Class-Action-FLNC.html,2025-05-05T23:34:00Z,GlobeNewswire
ABNB Q1 Earnings Call: Management Focuses on International Growth and Product Expansion Amid Mixed Regional Trends,"Online accommodations platform Airbnb (NASDAQ:ABNB) reported Q1 CY2025 results beating Wall Street’s revenue expectations, with sales up 6.1% year on year to...",https://finance.yahoo.com/news/abnb-q1-earnings-call-management-233326868.html,2025-05-05T23:33:26Z,Yahoo Entertainment
Senate Democrats Suddenly Oppose Crypto Bill on Eve of Vote,"Senate Democrats, many who backed the bill in its original form, on Saturday announced their opposition to a stablecoin crypto bill on the eve of a vote on the historic legislation.
The post Senate Democrats Suddenly Oppose Crypto Bill on Eve of Vote appeared…",https://www.breitbart.com/politics/2025/05/05/senate-democrats-suddenly-oppose-crypto-bill-on-eve-of-vote/,2025-05-05T23:32:45Z,Breitbart News
OpenAI says non-profit will remain in control after backlash,"OpenAI says non-profit will remain in control after backlash
OpenAI, the parent of artificial intelligence service ChatGPT, has announced a new governance plan after a bitter power struggle over the business.
Boss Sam Altman said OpenAI would remain under the…",https://biztoc.com/x/7d5bea730fc1455f,2025-05-05T23:31:29Z,Biztoc.com
"Get 30% Bonus Points When You Transfer Citi Points Into Avios; Bargains On JetBlue, AA, Alaska, Iberia, And Airlink Flights","Get 30% Bonus Points When You Transfer Citi Points Into Avios You can get a 30% bonus for transfers from Citi to Qatar Avios through 5/31 at 4:59pm ET. With this bonus, 1,000 Citi ThankYou points transfer into 1,300 Avios. While the terms state that the bonus…",https://www.dansdeals.com/points-travel/milespoints/get-30-bonus-points-when-you-transfer-citi-points-into-avios-bargains-on-jetblue-aa-alaska-iberia-and-airlink-flights/,2025-05-05T23:30:51Z,Dansdeals.com
DKLS Industries Berhad (KLSE:DKLS) Strong Profits May Be Masking Some Underlying Issues,DKLS Industries Berhad's ( KLSE:DKLS ) robust recent earnings didn't do much to move the stock. We think this is due to...,https://finance.yahoo.com/news/dkls-industries-berhad-klse-dkls-233020966.html,2025-05-05T23:30:20Z,Yahoo Entertainment
"Robert Garcia Blasts Bill Haney’s “Lies” After Ramirez Fight: “Instead of Apologizing for the Type of Fight Your Son Did, He Ran, Ran, and Ran.”","Jose Ramirez’s trainer, Robert Garcia, is furious with Devin Haney’s father, Bill Haney, for posting on X → read article 
Robert Garcia Blasts Bill Haney’s “Lies” After Ramirez Fight: “Instead of Apologizing for the Type of Fight Your Son Did, He Ran, Ran, an…",https://www.boxingnews24.com/2025/05/robert-garcia-blasts-bill-haneys-lies-after-ramirez-fight-instead-of-apologizing-for-the-type-of-fight-your-son-did-he-ran-ran-and-ran/,2025-05-05T23:30:12Z,Boxingnews24.com
From the creator of tariffs: Trump’s film tariff threatens Bollywood’s US run,Donald Trump's tariff proposal may impact Indian films. The move could double import costs. It may reduce Indian cinema's presence in the US. This could affect revenue and cultural influence. The industry anticipates a shift to streaming releases. Discussions…,https://economictimes.indiatimes.com/industry/media/entertainment/media/from-the-creator-of-tariffs-trumps-film-tariff-threatens-bollywoods-us-run/articleshow/120909564.cms,2025-05-05T23:30:00Z,The Times of India
Universities Rethink Identity Governance Amid Digital Transformation,"As Australian universities digitise and face growing cyber threats, identity governance is emerging as a strategic priority to enhance security, ensure compliance, and deliver seamless, student-focused digital experiences.",https://www.itnews.com.au/feature/universities-rethink-identity-governance-amid-digital-transformation-616828,2025-05-05T23:30:00Z,iTnews
Angel Reese Is At the 2025 Met Gala Looking Gorgeous in Thom Browne,Angel Reese stepped out at the 2025 Met Gala wearing a Thom Browne gown—check out pics of her look.,https://www.cosmopolitan.com/entertainment/celebs/a64664512/angel-reese-met-gala-2025-thom-browne/,2025-05-05T23:29:00Z,Cosmopolitan.com
Rina Sawayama To Reprise Her Role For John Wick Caine Spin-Off Film,"The second big-screen John Wick spin-off cast is starting to fill out, and we have a returning member, but this one isn't a surprise at all. The way this film was potentially teased featured Donnie Yen's Caine and Rina Sawayama's Akira, so it's not at all sur…",https://bleedingcool.com/movies/rina-sawayama-to-reprise-her-role-for-john-wick-caine-spin-off-film/,2025-05-05T23:28:07Z,Bleeding Cool News
"Rite Aid Files for Bankruptcy, Job Cuts Expected","Rite Aid Corp. said Monday (May 5) that it has filed for Chapter 11 bankruptcy protection again, less than a year after emerging from a previous restructuring effort. This bankruptcy filing would be the company’s second in under three years. Rite Aid initiall…",https://www.pymnts.com/business/2025/rite-aid-files-for-bankruptcy-job-cuts-expected/,2025-05-05T23:28:05Z,pymnts.com
Crafting Calm: Neurosync Branding and Visual Identity,"Crafting Calm: Neurosync Branding and Visual Identity

 


 abduzeedo
 05/05 — 2025


 Explore Neurosync's calm and cohesive branding and visual identity by Everything Else Practice, designed for accessible mental health.
Design work focused on mental health …",https://abduzeedo.com/node/88820,2025-05-05T23:27:39Z,Abduzeedo.com
Bill Belichick’s kids ‘want the best’ for him amid concerns over relationship with Jordon Hudson,"Bill Belichick’s kids have some hesitations amid their dad’s relationship with 24-year-old Jordon Hudson, though in the end, they “want the best” for the six-time Super Bowl-winning head coach.…",https://nypost.com/2025/05/05/sports/bill-belichicks-kids-want-the-best-for-him-amid-concerns-over-relationship-with-jordon-hudson/,2025-05-05T23:27:31Z,New York Post
XMPro MAGS 1.5: Agentic AI for Industry with MCP & A2A Integration,"XMPro MAGS 1.5 launches with MCP & A2A support—advancing trust, safety, and collaboration standards for agentic AI in industrial operations.......",https://www.globenewswire.com/news-release/2025/05/05/3074628/0/en/XMPro-MAGS-1-5-Agentic-AI-for-Industry-with-MCP-A2A-Integration.html,2025-05-05T23:27:00Z,GlobeNewswire
"Hochul to drain reserves for pro-labor, pro-business last-minute budget move",Gov. Kathy Hochul is delivering a big win to businesses that have been pressuring her to pay off their billions of dollars in unemployment-insurance debt -- but she’s stealing the cash from state reserves to do it.,https://nypost.com/2025/05/05/us-news/hochul-to-drain-reserves-for-pro-labor-pro-business-last-minute-budget-move/,2025-05-05T23:26:19Z,New York Post
‘All It Takes Is One Grain Of This Junk To Kill You’: Pam Bondi Explains How China’s Most Lethal Export Enters US,Attorney General Pam Bondi explained on Fox Business Monday how China's most lethal export enters the country.,https://dailycaller.com/2025/05/05/pam-bondi-china-ships-fentanyl/,2025-05-05T23:25:27Z,The Daily Caller
"Ford sees US$1.5 billion tariff hit this year, suspends 2025 forecast","NEW YORK: Ford reported a 65 per cent drop in first-quarter profits Monday (May 5), citing a near-term drag on auto sales from new vehicle launches, as it withdrew its forecast amid tariff uncertainty. The carmaker estimated a full-year net hit of about US$1.…",https://www.channelnewsasia.com/world/ford-sees-tariff-hit-suspends-2025-forecast-5110686,2025-05-05T23:24:37Z,CNA
Rihanna Reveals Pregnancy,"Rihanna revealed she is pregnant with her third child Monday, ahead of attending the Met Gala.",https://dailycaller.com/2025/05/05/rihanna-pregnant-baby-bump-third-child-asap-rocky-met-gala/,2025-05-05T23:23:28Z,The Daily Caller
"Citigroup CEO: US Businesses Delay Investments, Hiring Amid ‘Limbo’ of Tariff Uncertainty","Citigroup CEO Jane Fraser said Monday that most of the Wall Street bank’s business clients believe they can cope with U.S. tariffs of up to 10% on foreign countries, including China, but that levies any higher would make things difficult. Fraser, speaking at …",https://www.pymnts.com/news/banking/2025/citigroup-ceo-us-businesses-delay-investments-hiring-amid-limbo-of-tariff-uncertainty/,2025-05-05T23:22:57Z,pymnts.com
Pete Hegseth Conducted Pentagon Business on ‘At Least a Dozen Separate’ Signal Chats: Report,"Secretary of Defense Pete Hegseth reportedly used the messaging app Signal in ""at least a dozen separate chats"" to conduct official Pentagon business.
The post Pete Hegseth Conducted Pentagon Business on ‘At Least a Dozen Separate’ Signal Chats: Report first …",https://www.mediaite.com/politics/pete-hegseth-conducted-pentagon-business-on-at-least-a-dozen-separate-signal-chats-report/,2025-05-05T23:21:41Z,Mediaite
Aura Announces Confidential Submission Of Draft Registration Statement For Proposed U.S. Public Offering,"ROAD TOWN, British Virgin Islands, May 05, 2025 (GLOBE NEWSWIRE) — Aura Minerals Inc. (TSX: ORA) (B3: AURA33) (OTCQX: ORAAF) (“Aura” or the “Company”) announces that we have confidentially submitted a draft registration statement on Form F-1 to the Securities…",https://financialpost.com/globe-newswire/aura-announces-confidential-submission-of-draft-registration-statement-for-proposed-u-s-public-offering,2025-05-05T23:20:59Z,Financial Post
Lutnick skeptical of cutting a deal with Canada's 'socialist regime',"Commerce Secretary Howard Lutnick said Monday that he is skeptical of cutting a trade deal with the Canadian government, calling it a “socialist regime.”
“Can we make a deal with Canada?” Fox Business Network’s Larry Kudlow asked on his show ""Kudlow.""
“I thin…",https://biztoc.com/x/82495f2203b55d4f,2025-05-05T23:20:05Z,Biztoc.com
Tourism officials wary of Vietnam,"Tourism operators fear Thailand will lose its position as the top Southeast Asian destination to Vietnam in a few years as the latter reported nearly 50% inbound market growth in March compared with the pre-pandemic period, while Thailand struggles with slugg…",https://www.bangkokpost.com/business/general/3018570/tourism-officials-wary-of-vietnam,2025-05-05T23:20:00Z,Bangkok Post
Canada's Carney Arrives in US to Meet With Trump,Canadian Prime Minister Mark Carney arrived in Washington on Monday ahead of talks with US President Donald Trump. Carney's visit will be watched closely by Canadians infuriated by Trump — and by an anxious business community looking for tariff relief. The tw…,https://biztoc.com/x/66bfa2f170c51a5e,2025-05-05T23:19:58Z,Biztoc.com
California Tourism Expected to Fall for the 1st Time Since the Pandemic,"The largest declines come from Canadian and Mexican tourists amid economic and political uncertainty driven by the Trump administration’s policies, according to nonprofit Visit California.",https://www.kqed.org/news/12038735/california-tourism-expected-to-fall-for-the-1st-time-since-the-pandemic,2025-05-05T23:19:28Z,KQED
What Warren Buffett’s Exit as CEO Means for Berkshire Hathaway,On today’s Big Take podcast: How the “Oracle of Omaha” changed investing and what comes next for the company Buffett built. ​​​​​,https://financialpost.com/pmn/business-pmn/what-warren-buffetts-exit-as-ceo-means-for-berkshire-hathaway,2025-05-05T23:18:53Z,Financial Post
"Ford Pulls Outlook, Sees $1.5 Billion Hit From Trump Tariffs","Ford Motor Co. suspended its full-year financial guidance and said President Donald Trump’s auto tariffs will take a toll on profit, joining rivals stung by volatile global trade policies.",https://financialpost.com/pmn/business-pmn/ford-pulls-outlook-sees-1-5-billion-hit-from-trump-tariffs,2025-05-05T23:18:38Z,Financial Post
The people refusing to use AI,"Worried about the environment and the loss of skills, some people are resisting the rise of AI.",https://www.bbc.co.uk/news/articles/c15q5qzdjqxo,2025-05-05T23:16:41Z,BBC News
The people refusing to use AI,"Worried about the environment and the loss of skills, some people are resisting the rise of AI.",https://www.bbc.com/news/articles/c15q5qzdjqxo,2025-05-05T23:16:41Z,BBC News
Sabrina Carpenter and Barry Keoghan Reunite at the 2025 Met Gala,Sabrina Carpenter and Barry Keoghan had an awkward reunion at the 2025 Met Gala.,https://www.cosmopolitan.com/entertainment/celebs/a64640214/sabrina-carpenter-barry-keoghan-reunited-2025-met-gala-reunion/,2025-05-05T23:16:00Z,Cosmopolitan.com
Aura Announces Confidential Submission Of Draft Registration Statement For Proposed U.S. Public Offering,Aura Announces Confidential Submission Of Draft Registration Statement For Proposed U.S. Public Offering......,https://www.globenewswire.com/news-release/2025/05/05/3074627/0/en/Aura-Announces-Confidential-Submission-Of-Draft-Registration-Statement-For-Proposed-U-S-Public-Offering.html,2025-05-05T23:16:00Z,GlobeNewswire
Beloved Florida indie bookstore faces backlash after removal of LGBTQ titles,"A disagreement over alleged LGBTQ book censorship has resulted in the resignation of five employees from Bodacious Bookstore & Café in Pensacola, Florida.",https://www.nbcnews.com/nbc-out/out-news/beloved-florida-indie-bookstore-faces-backlash-removal-lgbtq-titles-rcna204449,2025-05-05T23:13:55Z,NBC News
Claims Process Concluded in City of Leduc Workplace Harassment Class Action Lawsuit,"CALGARY, Alberta — Burnett, Duckworth & Palmer LLP (BD&P) announced today that the claims process for the class action lawsuit against The City of Leduc has now concluded. The class action sought damages for women who worked at the City of Leduc between 2002 …",https://financialpost.com/pmn/business-wire-news-releases-pmn/claims-process-concluded-in-city-of-leduc-workplace-harassment-class-action-lawsuit,2025-05-05T23:13:53Z,Financial Post
Stock futures are little changed as Wall Street looks to Fed policy meeting: Live updates - CNBC,"Stock futures are little changed as Wall Street looks to Fed policy meeting: Live updatesCNBC Stock Market Today: Trump Vows 100% Tariffs on Foreign-Made Movies; Dow Slips — Live UpdatesWSJ Stock market today: S&P 500, Nasdaq pause rally as tariff fears reviv…",https://slashdot.org/firehose.pl?op=view&amp;id=177337757,2025-05-05T23:12:48Z,Slashdot.org
Anthony Weiner laptop update,"We should all continue to be grateful that the information security administration is back in charge [gift link]: Defense Secretary Pete Hegseth used Signal more extensively for official Pentagon business than previously disclosed, engaging in at least a doze…",https://www.lawyersgunsmoneyblog.com/2025/05/anthony-weiner-laptop-update-2,2025-05-05T23:11:44Z,Lawyersgunsmoneyblog.com
Hegseth Reportedly Used At Least 12 Signal Chats For Pentagon Business—Here Are The Other Security Allegations Against Him,"Secretary of Defense Pete Hegseth has faced multiple allegations of sharing classified information on Signal, a commercially available messaging app.",https://www.forbes.com/sites/mollybohannon/2025/05/05/hegseth-reportedly-used-at-least-12-signal-chats-for-pentagon-business-here-are-the-other-security-allegations-against-him/,2025-05-05T23:11:11Z,Forbes
"A Trump film tariff would send Canadian screen industry into ‘chaos,’ say local producers","When Daniel Bekerman set out to produce “The Apprentice” _ last year’s biopic about U.S. President Donald Trump — he figured some controversy might come from the subject, not the city it was filmed in. But the Toronto-shot film is now an example of the kind o…",https://financialpost.com/pmn/a-trump-film-tariff-would-send-canadian-screen-industry-into-chaos-say-local-producers-3,2025-05-05T23:10:53Z,Financial Post
"One of Nation’s Largest Trans Conferences Ends Annual Event, Latest LGBTQ Cancelation","As anti-LGBTQ+ legislation escalates in the U.S, events serving these communities are shifting away from in-person conferences. Some feel more cancellations are to come. 
 -Andrea Doyle",http://meetings.skift.com/2025/05/05/one-of-nations-largest-trans-conferences-ends-annual-event-latest-lgbtq-cancelation/,2025-05-05T23:10:53Z,Skift
Perfect 7 Media Inc. Options Horror-Comedy Feature The Unwanted Exorcist,"A devilishly fun twist on possession, family, and smart homes gone rogue — Now in development VANCOUVER, British Columbia, May 05, 2025 (GLOBE NEWSWIRE) — Perfect 7 Media Inc., a boutique production company based in North Vancouver, is thrilled to announce it…",https://financialpost.com/globe-newswire/perfect-7-media-inc-options-horror-comedy-feature-the-unwanted-exorcist,2025-05-05T23:10:50Z,Financial Post
"Ripple’s New Strategy: Buy, Buy, Buy",The company behind the XRP ledger is bidding for the second-largest stablecoin issuer.,https://www.forbes.com/sites/cryptoconfidential/2025/05/05/ripples-new-strategy-buy-buy-buy/,2025-05-05T23:09:29Z,Forbes
Google lanza un plan para producir películas y series de televisión,"Google ha puesto en marcha un nuevo plan para producir películas y series de televisión. El gigante tecnológico se asoció con una agencia de talentos con el fin de reforzar su presencia en Hollywood. La estrategia no solo busca financiar proyectos, sino posic…",http://hipertextual.com/2025/05/google-lanza-plan-producir-peliculas-series-de-television,2025-05-05T23:09:18Z,Hipertextual
OpenAI says non-profit will remain in control after backlash,The move follows a bitter power struggle over the business.,https://www.bbc.com/news/articles/cwy603eg0w8o,2025-05-05T23:08:41Z,BBC News
OpenAI says non-profit will remain in control after backlash,OpenAI says non-profit will remain in control after backlashbbc.co.uk,https://www.bbc.co.uk/news/articles/cwy603eg0w8o,2025-05-05T23:08:41Z,BBC News
"DeKalb mother, son among 6 indicted in retail theft ring targeting T.J. Maxx, HomeGoods stores",A DeKalb County mother and her teenage son are among six people indicted on RICO charges following an investigation conducted by the Attorney General’s Organized Retail Crime Unit.,https://www.wsbtv.com/news/dekalb-mother-son-among-6-indicted-retail-theft-ring-targeting-tj-maxx-homegoods-stores/KCK6IGU5VZCSPELQ4TTOHI5Z6E/,2025-05-05T23:08:12Z,WSB Atlanta
Business owner facing steep tariffs tests whether people will pay for 'Made in USA',"An entrepreneur facing skyrocketing costs due to tariffs conducted an experiment to see whether customers would voluntarily pay more for a product made in America. ""The result was, unfortunately, disappointing,"" Ramon van Meer told Fox News Digital. ""We sold …",https://freerepublic.com/focus/f-news/4315220/posts,2025-05-05T23:07:01Z,Freerepublic.com
Two bills aim to boost safety of medical cannabis in Maine; some say this could hurt small growers,"Out of more than 30 states with medical cannabis programs, Maine is the only one that doesn't require testing for mold, pesticides, and heavy metals. The two bills on the table, LD 104 and LD 1847, would change that.",https://www.mainepublic.org/health/2025-05-05/two-bills-aim-to-boost-safety-of-medical-cannabis-in-maine-some-say-this-could-hurt-small-growers,2025-05-05T23:06:57Z,Maine Public
National Renewable Energy Laboratory lays off 114 employees in Golden,"114 employees across the laboratory, including staff from both research and operations, who were involuntarily separated.",https://www.denverpost.com/2025/05/05/national-renewable-energy-laboratory-layoffs-golden-trump/,2025-05-05T23:06:49Z,The Denver Post
JPMorgan shuts platform that connected founders with investors,"JPMorgan Chase has shut down Capital Connect, the platform it launched in 2022 to help startups link up with VC investors.",https://www.finextra.com/newsarticle/45932/jpmorgan-shuts-platform-that-connected-founders-with-investors,2025-05-05T23:06:45Z,Finextra
Here are the derelict houses and buildings that Ireland's county councils asked to CPO in April,Four councils asked to acquire six properties in April.,https://www.thejournal.ie/derelict-sites-councils-cpo-ireland-6691731-May2025/,2025-05-05T23:05:55Z,TheJournal.ie
ANRF to launch ‘small business deep-tech innovation’programme: Jitendra Singh,"NEW DELHI, May 5: In a significant step aimed at boosting innovation, India is set to launch a ‘small business deep-tech innovation’ programme to empower start-ups and MSMEs to scale breakthrough technologies for real-world applications. The newly-launched An…",https://thehillstimes.in/national/anrf-to-launch-small-business-deep-tech-innovationprogramme-jitendra-singh,2025-05-05T23:05:00Z,Thehillstimes.in
SoMa and Tenderloin Residents Back Plan To Spread Homeless Services Across San Francisco,"After years of bearing the brunt of San Francisco’s homelessness crisis, residents and service providers in SoMa and the Tenderloin say it’s time for the rest of the city to step up.",https://www.kqed.org/news/12037895/soma-and-tenderloin-residents-back-plan-to-spread-homeless-services-across-san-francisco,2025-05-05T23:04:07Z,KQED
Trump-Supporting Business Owner Begs President on CNN: ‘Tell Us the Plan’,"The owner of a clothing store in Southern California implored President Donald Trump to ""tell us the plan"" when it comes to the sweeping tariffs on imports.
The post Trump-Supporting Business Owner Begs President on CNN: ‘Tell Us the Plan’ first appeared on M…",https://www.mediaite.com/tv/trump-supporting-business-owner-begs-president-on-cnn-tell-us-the-plan/,2025-05-05T23:03:51Z,Mediaite
UK Business Data Survey 2026: User-engagement exercise,"The Department for Science, Innovation and Technology (DSIT) is seeking views from users of the UK Business Data Survey (UKBDS) on how it could be developed.",https://www.gov.uk/government/calls-for-evidence/uk-business-data-survey-2026-user-engagement-exercise,2025-05-05T23:01:11Z,Www.gov.uk
Notice: UK Business Data Survey 2026 user-engagement: Privacy Notice,"How we will use your personal data when you respond to the UK Business Data Survey user-engagement exercise, and what your rights are.",https://www.gov.uk/government/publications/uk-business-data-survey-2026-user-engagement-privacy-notice,2025-05-05T23:01:11Z,Www.gov.uk
"BFI Unveils 2025 ‘Great 8’ Projects Heading to Cannes, Including Features Starring Maria Bakalova, Stephen Graham and George MacKay",The British Film Institute and British Film Council has unveiled the crop of films that will make up its annual Great 8 lineup of projects to be showcased in Cannes. The features — from either first-time or early career filmmakers — will be introduced and scr…,https://variety.com/2025/film/global/bfi-unveils-2025-great-8-projects-cannes-1236386676/,2025-05-05T23:01:00Z,Variety
Safe Software Celebrates Partner of Excellence Award Winners,"The Awards Were Presented at the Partner Summit at The Peak of Data and AI in Seattle Surrey, BC, May 05, 2025 (GLOBE NEWSWIRE) — Tonight, Safe Software (Safe), the leading all-data, any-AI enterprise integration vendor, announced eight Partner Excellence Awa…",https://financialpost.com/globe-newswire/safe-software-celebrates-partner-of-excellence-award-winners,2025-05-05T23:00:39Z,Financial Post
Avoiding leadership pitfalls: strategies for success in health care [PODCAST],"Management consultant and author Roger A. Gerard discusses his article, ""10 ways health care leaders sabotage their own success—and how to stop."" He identifies common, often unintentional, ways health care leaders undermine their credibility and effectiveness…",https://kevinmd.com/2025/05/avoiding-leadership-pitfalls-strategies-for-success-in-health-care-podcast.html,2025-05-05T23:00:35Z,Kevinmd.com
sap-bdc-connect-sdk 1.0.10,Python SDK for SAP Business Data Cloud,https://pypi.org/project/sap-bdc-connect-sdk/1.0.10/,2025-05-05T23:00:26Z,Pypi.org
The Economy Is Slowing – Will The Fed Act In Time?,"Markets had a positive week, with the major indexes advancing in the +3% range despite a slowing economy and less than stellar corporate reports.",https://www.forbes.com/sites/greatspeculations/2025/05/05/the-economy-is-slowing--will-the-fed-act-in-time/,2025-05-05T23:00:22Z,Forbes
Justin Tucker Released By Ravens Amid Allegations Of Sexual Misconduct,"Justin Tucker, the longtime kicker for the Baltimore Ravens, has been released by the franchise, with the team labeling it as a ""football decision.""",https://dailycaller.com/2025/05/05/justin-tucker-baltimore-ravens-sexual-misconduct/,2025-05-05T23:00:12Z,The Daily Caller
REPORT: Security Guards Hold Man At Gunpoint At Jennifer Aniston’s Home,Jennifer Aniston's security guards held a man at gunpoint after he allegedly drove through the gates of her Bel Air property while she was home.,https://dailycaller.com/2025/05/05/security-guards-gunpoint-intruder-car-crash-gates-jennifer-aniston-lapd/,2025-05-05T23:00:11Z,The Daily Caller
2026 Mercedes-AMG GT 63 APXGP Edition Coupe,"The Brad Pitt-starring, Joseph Kosinski-helmed F1 arrives in theaters this June. Mercedes-AMG helped support the film crew with the expertise of their Formula 1 team and the use of current models for filming. Ahead of the anticipated release, they've created.…",https://uncrate.com/2026-mercedes-amg-gt-63-apxgp-edition-coupe/,2025-05-05T23:00:01Z,Uncrate.com
Safe Software Celebrates Partner of Excellence Award Winners,The Awards Were Presented at the Partner Summit at The Peak of Data and AI in Seattle The Awards Were Presented at the Partner Summit at The Peak of Data and AI in Seattle,https://www.globenewswire.com/news-release/2025/05/05/3074623/0/en/Safe-Software-Celebrates-Partner-of-Excellence-Award-Winners.html,2025-05-05T23:00:00Z,GlobeNewswire
Volkswagen ID.3 electric car still under consideration for Australia –when the business case allows,Volkswagen’s electric ID.3 hatch has been offered overseas since 2020. For Australia the compact EV still has a chance of appearing.,https://www.drive.com.au/news/volkswagen-id-3-electric-hatch-still-under-consideration-for-australia-when-the-business-case-allows/,2025-05-05T23:00:00Z,Drive.com.au
Flowers for love and light,GEORGE TOWN: The best gifts for Mothers Day are still carnations as they represent motherly love and appreciation. Read full story,https://www.thestar.com.my/news/nation/2025/05/06/flowers-for-love-and-light,2025-05-05T23:00:00Z,The Star Online
Businesses set sights on growth post-S’pore’s PAP polls’ success,JOHOR BARU: Business groups in Johor are seeking fresh momentum for cross-border growth following Singapore's general election which saw the ruling party secure a strong mandate. Read full story,https://www.thestar.com.my/news/nation/2025/05/06/businesses-set-sights-on-growth-post-spores-pap-polls-success,2025-05-05T23:00:00Z,The Star Online
